[
    {
        "id": 1744983211066.6064,
        "text": "Spaghetti",
        "bought": false
    },
    {
        "id": 1744973522414.1802,
        "text": "Yoghurt",
        "bought": false
    },
    {
        "id": 1744973521706.7703,
        "text": "Wraps",
        "bought": false
    },
    {
        "id": 1744973518744.8962,
        "text": "Tomatoes",
        "bought": false
    },
    {
        "id": 1744973517554.4478,
        "text": "Tomato paste",
        "bought": false
    },
    {
        "id": 1744973511347.3594,
        "text": "Self raising flour",
        "bought": false
    },
    {
        "id": 1744973508614.6575,
        "text": "Puff pastry",
        "bought": false
    },
    {
        "id": 1744973503967.9395,
        "text": "Pineapple",
        "bought": false
    },
    {
        "id": 1744973501237.8137,
        "text": "Pasta sauce",
        "bought": false
    },
    {
        "id": 1744973496279.286,
        "text": "Meat",
        "bought": false
    },
    {
        "id": 1744973492270.9282,
        "text": "Ice cream",
        "bought": false
    },
    {
        "id": 1744973490916.1294,
        "text": "Fruit",
        "bought": false
    },
    {
        "id": 1744973487696.5273,
        "text": "Eggs",
        "bought": false
    },
    {
        "id": 1744973485449.2139,
        "text": "Cucumber",
        "bought": false
    },
    {
        "id": 1744973483860.467,
        "text": "Chicken",
        "bought": false
    },
    {
        "id": 1744973482157.2732,
        "text": "Can tomato",
        "bought": false
    },
    {
        "id": 1744973480504.0552,
        "text": "Brownies",
        "bought": false
    },
    {
        "id": 1744973478999.2131,
        "text": "Bread",
        "bought": false
    },
    {
        "id": 1744973478456.0151,
        "text": "Bananas",
        "bought": false
    },
    {
        "id": 1744973502795.555,
        "text": "Oranges",
        "bought": false
    },
    {
        "id": 1744973516041.1873,
        "text": "Tin fruit",
        "bought": false
    },
    {
        "id": 1744973513706.396,
        "text": "Sour cream",
        "bought": false
    }
]