[
    {
        "text": "Milk",
        "boughtCount": 1
    },
    {
        "text": "Bread",
        "boughtCount": 2
    },
    {
        "text": "Fruit",
        "boughtCount": 2
    },
    {
        "text": "Ice cream",
        "boughtCount": 3
    },
    {
        "text": "Puff pastry",
        "boughtCount": 3
    },
    {
        "text": "Chicken",
        "boughtCount": 4
    },
    {
        "text": "Self raising flour",
        "boughtCount": 3
    },
    {
        "text": "Plain flour",
        "boughtCount": 5
    },
    {
        "text": "Can tomato",
        "boughtCount": 4
    },
    {
        "text": "Pasta sauce",
        "boughtCount": 7
    },
    {
        "text": "Pineapple",
        "boughtCount": 2
    },
    {
        "text": "Tin fruit",
        "boughtCount": 3
    },
    {
        "text": "Spaghetti",
        "boughtCount": 3
    },
    {
        "text": "Tomato paste",
        "boughtCount": 2
    },
    {
        "text": "Bananas",
        "boughtCount": 2
    },
    {
        "text": "Yoghurt",
        "boughtCount": 2
    },
    {
        "text": "Brownies",
        "boughtCount": 4
    },
    {
        "text": "Oranges",
        "boughtCount": 4
    },
    {
        "text": "Tomatoes",
        "boughtCount": 3
    },
    {
        "text": "Cucumber",
        "boughtCount": 3
    },
    {
        "text": "Passionfruit pulp",
        "boughtCount": 0
    },
    {
        "text": "2017 Honda CBR1000RR",
        "boughtCount": 0
    },
    {
        "text": "Vinegar",
        "boughtCount": 2
    },
    {
        "text": "Eggs",
        "boughtCount": 0
    },
    {
        "text": "Wraps",
        "boughtCount": 0
    },
    {
        "text": "Mince",
        "boughtCount": 0
    },
    {
        "text": "Meat",
        "boughtCount": 0
    },
    {
        "text": "Salmon",
        "boughtCount": 0
    },
    {
        "text": "Cream",
        "boughtCount": 0
    },
    {
        "text": "Cheese",
        "boughtCount": 0
    },
    {
        "text": "Peas",
        "boughtCount": 0
    },
    {
        "text": "Onion",
        "boughtCount": 0
    },
    {
        "text": "Frozen peas",
        "boughtCount": 0
    },
    {
        "text": "Frozen onion",
        "boughtCount": 0
    },
    {
        "text": "Frozen vegetables",
        "boughtCount": 0
    },
    {
        "text": "Sliced ham",
        "boughtCount": 0
    },
    {
        "text": "Toothpaste",
        "boughtCount": 0
    },
    {
        "text": "Sour cream",
        "boughtCount": 1
    },
    {
        "text": "Baby spinach",
        "boughtCount": 0
    },
    {
        "text": "Coffee",
        "boughtCount": 0
    },
    {
        "text": "Tomato sauce",
        "boughtCount": 0
    },
    {
        "text": "Weetbix",
        "boughtCount": 0
    },
    {
        "text": "CCs",
        "boughtCount": 0
    },
    {
        "text": "Rice (packet)",
        "boughtCount": 0
    },
    {
        "text": "Crackers",
        "boughtCount": 0
    },
    {
        "text": "Pumpkin",
        "boughtCount": 0
    },
    {
        "text": "Potato",
        "boughtCount": 0
    },
    {
        "text": "Curry powder",
        "boughtCount": 0
    },
    {
        "text": "Toilet paper",
        "boughtCount": 0
    },
    {
        "text": "Toilet blocks",
        "boughtCount": 0
    },
    {
        "text": "Dishwashing liquid",
        "boughtCount": 0
    },
    {
        "text": "Washing machine",
        "boughtCount": 0
    },
    {
        "text": "Beetroot",
        "boughtCount": 0
    },
    {
        "text": "Peanut paste",
        "boughtCount": 0
    },
    {
        "text": "Oil avocado",
        "boughtCount": 0
    },
    {
        "text": "Oil canola",
        "boughtCount": 0
    },
    {
        "text": "Oil olive",
        "boughtCount": 0
    }
]